level_bucket,within_1jo_rate_pct
레벨 1,3.6053130929791197
레벨 2-4,4.57746478873239
레벨 5-9,7.14285714285714
레벨 10+,2.94117647058823
미상,0.0
